{"stat.flyOneCm":22240,"stat.deaths":1,"stat.walkOneCm":20944,"stat.jump":88,"stat.useItem.minecraft.sapling":2,"stat.swimOneCm":288,"stat.playOneMinute":2710,"stat.fallOneCm":2996,"achievement.openInventory":1,"stat.craftItem.minecraft.planks":8,"stat.leaveGame":1,"stat.damageTaken":300,"stat.damageDealt":80,"stat.timeSinceDeath":2262,"stat.sprintOneCm":16963,"stat.mineBlock.minecraft.log":2,"achievement.exploreAllBiomes":{"value":0,"progress":["Forest","River","Plains"]},"stat.mineBlock.minecraft.tallgrass":3}