{"stat.useItem.minecraft.rotten_flesh":1,"stat.flyOneCm":1476,"stat.deaths":2,"stat.walkOneCm":97486,"stat.jump":197,"stat.swimOneCm":76,"stat.playOneMinute":16525,"stat.fallOneCm":4594,"stat.climbOneCm":4654,"stat.entityKilledBy.Zombie":1,"stat.leaveGame":1,"stat.damageTaken":515,"stat.damageDealt":140,"stat.crouchOneCm":3886,"stat.timeSinceDeath":540,"stat.sprintOneCm":164,"stat.entityKilledBy.Enderman":1,"stat.mineBlock.minecraft.log":9,"achievement.exploreAllBiomes":{"value":0,"progress":["Birch Forest","River","Plains","Swampland"]},"stat.mineBlock.minecraft.tallgrass":1}