{"stat.walkOneCm":57868,"stat.leaveGame":5,"stat.damageTaken":1645,"stat.killEntity.Slime":7,"stat.killEntity.Enderman":1,"stat.mobKills":8,"stat.entityKilledBy.Creeper":1,"stat.mineBlock.minecraft.waterlily":1,"stat.flyOneCm":27516,"stat.deaths":6,"stat.jump":420,"stat.swimOneCm":3441,"stat.playOneMinute":12660,"stat.fallOneCm":11020,"stat.climbOneCm":372,"stat.entityKilledBy.Zombie":1,"stat.entityKilledBy.Skeleton":2,"stat.damageDealt":1445,"stat.timeSinceDeath":1816,"stat.sprintOneCm":6313,"stat.mineBlock.minecraft.dirt":3,"stat.entityKilledBy.Enderman":1,"achievement.exploreAllBiomes":{"value":0,"progress":["Birch Forest Hills","Birch Forest","River","Plains","Swampland"]},"stat.mineBlock.minecraft.tallgrass":77,"stat.diveOneCm":194}