{"stat.walkOneCm":62544,"stat.leaveGame":1,"stat.useItem.minecraft.log":1,"stat.craftItem.minecraft.cooked_porkchop":5,"stat.killEntity.Slime":5,"stat.craftItem.minecraft.crafting_table":1,"stat.furnaceInteraction":3,"stat.useItem.minecraft.cooked_porkchop":3,"stat.useItem.minecraft.porkchop":3,"stat.swimOneCm":2889,"stat.jump":370,"stat.fallOneCm":6549,"stat.climbOneCm":394,"stat.useItem.minecraft.planks":13,"achievement.buildWorkBench":1,"stat.crouchOneCm":290,"achievement.buildSword":1,"achievement.mineWood":8,"stat.useItem.minecraft.dirt":7,"stat.sprintOneCm":13124,"achievement.exploreAllBiomes":{"value":0,"progress":["Birch Forest","River","Plains","Swampland"]},"stat.craftItem.minecraft.stick":8,"stat.craftingTableInteraction":4,"stat.craftItem.minecraft.furnace":1,"achievement.openInventory":7,"stat.craftItem.minecraft.planks":24,"stat.mineBlock.minecraft.crafting_table":2,"stat.damageTaken":425,"stat.craftItem.minecraft.stone_pickaxe":1,"stat.useItem.minecraft.wooden_pickaxe":34,"stat.useItem.minecraft.furnace":1,"stat.killEntity.Enderman":1,"stat.mobKills":14,"stat.mineBlock.minecraft.log":9,"achievement.killEnemy":3,"stat.craftItem.minecraft.stone_sword":1,"achievement.buildFurnace":1,"stat.flyOneCm":24790,"stat.deaths":1,"stat.mineBlock.minecraft.planks":1,"stat.drop":1,"achievement.buildPickaxe":2,"stat.mineBlock.minecraft.leaves":1,"stat.playOneMinute":17706,"stat.useItem.minecraft.stone_pickaxe":7,"stat.useItem.minecraft.stone_sword":1,"stat.damageDealt":1525,"achievement.buildBetterPickaxe":1,"stat.killEntity.Zombie":2,"stat.timeSinceDeath":17442,"stat.useItem.minecraft.crafting_table":2,"stat.mineBlock.minecraft.dirt":20,"stat.craftItem.minecraft.wooden_pickaxe":1,"stat.killEntity.Pig":6,"stat.mineBlock.minecraft.stone":17,"stat.mineBlock.minecraft.tallgrass":13,"stat.diveOneCm":1087}