{"stat.walkOneCm":45808,"stat.leaveGame":3,"stat.craftItem.minecraft.crafting_table":1,"stat.mineBlock.minecraft.double_plant":1,"stat.swimOneCm":958,"stat.jump":119,"stat.fallOneCm":1867,"stat.useItem.minecraft.planks":45,"achievement.mineWood":16,"stat.useItem.minecraft.dirt":12,"stat.sprintOneCm":5313,"achievement.exploreAllBiomes":{"value":0,"progress":["Birch Forest","River","Plains","Swampland"]},"stat.craftItem.minecraft.stick":4,"stat.craftItem.minecraft.wooden_axe":1,"stat.craftingTableInteraction":5,"achievement.openInventory":3,"stat.craftItem.minecraft.planks":84,"stat.damageTaken":240,"stat.mineBlock.minecraft.crafting_table":1,"stat.useItem.minecraft.wooden_pickaxe":27,"stat.mobKills":2,"stat.mineBlock.minecraft.log":21,"stat.flyOneCm":14168,"stat.mineBlock.minecraft.planks":1,"stat.mineBlock.minecraft.leaves":15,"stat.playOneMinute":8828,"stat.damageDealt":250,"stat.killEntity.Zombie":1,"stat.timeSinceDeath":8828,"stat.useItem.minecraft.wooden_axe":21,"stat.useItem.minecraft.crafting_table":2,"stat.mineBlock.minecraft.dirt":12,"stat.killEntity.Pig":1,"stat.craftItem.minecraft.wooden_pickaxe":1,"stat.mineBlock.minecraft.stone":22,"stat.mineBlock.minecraft.tallgrass":5}